,Creditability,Account_Balance,Payment_Status_of_Previous_Credit,Purpose,Credit_Amount,Value_Savings_Stocks,Length_of_current_employment,Concurrent_Credits,No_of_Credits_at_this_Bank
0,1,1,4,2,1049,1,2,3,1
1,1,1,4,0,2799,1,3,3,2
2,1,2,2,9,841,2,4,3,1
3,1,1,4,0,2122,1,3,3,2
4,1,1,4,0,2171,1,3,1,2
5,1,1,4,0,2241,1,2,3,2
6,1,1,4,0,3398,1,4,3,2
7,1,1,4,0,1361,1,2,3,1
8,1,4,4,3,1098,1,1,3,2
9,1,2,2,3,3758,3,1,3,1
10,1,1,4,0,3905,1,3,3,2
11,1,1,4,1,6187,2,4,3,2
12,1,1,4,3,1957,1,4,3,1
13,1,2,3,10,7582,2,1,3,1
14,1,1,2,3,1936,5,4,3,2
15,1,1,2,3,2647,3,3,3,1
16,1,1,4,0,3939,1,3,3,2
17,1,2,2,3,3213,3,2,3,1
18,1,2,4,3,2337,1,5,3,1
19,1,4,4,0,7228,1,3,3,2
20,1,1,4,0,3676,1,3,3,3
21,1,2,4,0,3124,1,2,1,2
22,0,2,2,5,2384,1,2,3,1
23,1,2,4,4,1424,1,4,3,1
24,1,1,4,0,4716,5,2,3,2
25,1,2,3,3,4771,1,4,3,1
26,1,1,2,2,652,1,5,3,1
27,1,2,4,3,1154,1,5,3,3
28,1,4,2,0,3556,5,3,3,1
29,1,3,4,1,4796,1,5,3,1
30,1,3,4,3,3017,1,5,3,1
31,1,4,4,0,3535,1,4,3,2
32,1,4,4,0,6614,1,5,3,2
33,1,4,2,3,1376,3,4,3,1
34,1,1,2,0,1721,1,2,3,1
35,1,1,4,0,860,1,5,3,2
36,1,4,4,0,1495,1,5,3,2
37,1,4,4,3,1934,1,5,3,2
38,1,4,2,1,3378,5,3,3,1
39,1,4,4,1,3868,1,5,3,2
40,1,4,4,5,996,5,4,3,2
41,1,1,2,10,1755,1,5,3,1
42,1,4,4,0,1028,1,3,3,2
43,1,2,4,9,2825,5,4,3,2
44,1,2,2,6,1239,5,3,3,1
45,0,1,2,0,1216,1,2,3,1
46,1,4,2,9,1258,1,4,3,1
47,0,4,4,6,1864,2,3,3,2
48,1,4,2,0,1474,2,2,3,1
49,1,1,4,9,1382,2,4,3,2
50,1,4,2,0,640,1,3,3,1
51,1,3,2,3,3919,1,3,3,1
52,1,4,4,0,1224,1,3,3,2
53,1,4,4,3,2331,5,5,3,1
54,1,4,2,1,6313,5,5,3,1
55,1,1,4,3,385,1,4,3,4
56,1,4,4,3,1655,1,5,3,2
57,1,1,2,3,1053,1,2,3,1
58,1,4,2,3,3160,5,5,3,1
59,1,4,2,0,3079,5,3,3,1
60,1,4,4,0,1163,3,3,3,1
61,1,4,2,1,2679,1,2,3,1
62,1,4,4,3,3578,5,5,3,1
63,1,4,3,0,10875,1,5,3,2
64,1,1,3,0,1344,1,3,3,2
65,1,4,4,3,1237,2,3,3,2
66,1,4,2,3,3077,1,3,3,1
67,1,4,2,3,2284,1,4,3,1
68,1,2,2,3,1567,1,3,3,1
69,1,4,3,0,2032,1,5,3,2
70,1,2,4,2,2745,4,4,3,2
71,1,4,2,3,1867,5,5,3,1
72,1,4,2,3,2299,3,5,3,1
73,1,4,2,2,929,5,4,2,1
74,1,3,2,3,3399,5,5,3,1
75,1,2,2,2,2030,5,4,3,1
76,1,4,4,1,3275,1,5,3,1
77,1,4,4,0,1940,4,5,3,1
78,1,1,4,0,1602,1,5,3,2
79,1,4,2,3,1979,5,5,3,1
80,1,4,4,0,2022,1,3,3,1
81,1,4,4,3,3342,5,5,3,1
82,1,2,2,0,5866,2,3,3,2
83,1,3,4,1,2360,3,3,3,1
84,1,4,4,2,1520,5,5,3,1
85,1,1,2,0,3651,4,3,3,1
86,1,4,4,1,2346,1,4,3,2
87,1,4,3,3,4454,1,3,3,2
88,1,1,4,0,666,4,4,3,2
89,1,2,3,0,1965,5,3,3,2
90,1,2,4,0,1995,2,2,3,1
91,1,2,2,3,2991,5,5,3,1
92,1,2,0,9,4221,1,3,3,2
93,1,1,2,3,1364,1,4,3,1
94,1,2,4,2,6361,1,5,3,1
95,1,4,4,2,4526,4,2,2,2
96,1,2,4,3,3573,1,3,3,1
97,0,2,3,9,4455,1,3,2,2
98,1,1,2,2,2136,1,3,3,1
99,1,2,4,9,5954,1,4,1,2
100,1,4,4,2,3777,4,3,3,1
101,1,1,2,9,806,1,3,3,1
102,1,2,3,9,4712,5,3,1,2
103,1,2,3,0,7432,1,3,3,1
104,1,4,4,3,1851,1,4,3,2
105,1,4,2,0,1393,1,3,3,1
106,1,4,4,9,1412,1,3,3,2
107,1,4,2,3,1473,1,2,3,1
108,1,4,2,3,1533,1,2,2,1
109,1,4,4,6,2012,5,4,3,1
110,0,1,2,0,3959,1,3,3,1
111,1,1,2,2,428,1,5,1,1
112,1,2,4,0,2366,3,4,3,1
113,1,4,2,2,763,1,3,3,1
114,1,2,2,2,3976,5,4,3,1
115,1,2,2,0,6260,1,4,3,1
116,1,2,4,2,1919,1,4,3,1
117,1,4,2,1,2603,4,3,3,1
118,1,4,4,6,936,3,5,3,2
119,1,4,2,2,3062,3,5,3,1
120,1,2,2,3,4795,1,2,3,1
121,1,4,4,1,5842,1,5,3,2
122,1,2,2,3,2063,1,2,3,1
123,1,4,4,3,1459,1,3,3,1
124,1,4,2,3,1213,3,5,2,1
125,1,4,4,3,5103,1,2,3,3
126,1,4,2,4,874,5,2,3,1
127,1,4,2,2,2978,3,3,3,1
128,1,4,2,0,1820,1,3,3,1
129,1,4,4,3,2872,2,5,3,1
130,1,3,2,2,1925,1,3,3,1
131,1,4,2,2,2515,1,3,3,1
132,1,3,2,2,2116,1,3,3,1
133,1,4,2,3,1453,1,2,3,1
134,1,4,2,0,1364,1,3,3,1
135,1,4,2,2,1543,4,3,3,1
136,1,2,2,0,1318,4,5,3,1
137,1,1,1,0,2325,2,4,1,1
138,1,2,4,8,932,5,4,3,2
139,1,3,4,3,3148,5,3,3,2
140,1,4,2,3,3835,5,5,3,1
141,1,4,2,6,3832,5,5,3,1
142,1,2,2,3,5084,5,5,3,1
143,1,4,4,2,2406,1,1,3,1
144,1,4,2,3,2394,5,3,3,1
145,1,4,2,1,2476,5,5,3,1
146,1,1,2,1,2964,5,5,1,1
147,1,1,2,2,1262,5,5,3,1
148,1,4,2,9,1542,1,4,3,1
149,1,2,4,3,1743,1,5,3,2
150,1,3,1,3,409,4,3,3,2
151,1,4,2,3,2171,1,2,1,1
152,1,4,4,1,8858,5,4,3,2
153,1,2,2,0,3512,2,4,1,2
154,1,2,2,3,1158,3,3,3,1
155,1,4,4,3,2684,1,3,3,2
156,1,1,2,3,1498,1,3,1,1
157,1,4,4,3,5954,1,4,3,1
158,0,2,1,9,6416,1,5,3,1
159,1,2,4,2,3617,1,5,3,3
160,1,4,4,3,1291,1,3,3,2
161,1,3,4,9,1275,4,3,3,2
162,1,4,2,2,3972,1,4,3,1
163,1,4,4,2,3343,1,3,3,1
164,1,3,2,6,392,1,2,3,1
165,1,4,4,0,2134,1,3,3,3
166,1,4,4,3,5771,1,4,3,2
167,1,4,4,9,4526,1,3,3,1
168,1,4,4,2,2788,1,4,1,2
169,1,4,4,3,1382,1,3,3,2
170,1,3,2,3,5848,1,3,3,1
171,0,1,2,0,1228,1,3,3,1
172,1,3,2,3,1297,1,3,3,1
173,1,4,2,3,1552,1,4,1,1
174,1,4,2,3,1963,1,4,3,2
175,1,4,2,3,3235,3,5,3,1
176,1,4,4,9,4139,2,3,3,2
177,1,2,4,1,1804,2,2,3,1
178,1,4,2,9,1950,1,4,2,2
179,1,4,3,3,12749,3,4,3,1
180,1,4,2,4,1236,1,2,3,1
181,1,4,4,0,1055,1,2,3,2
182,1,1,0,9,8072,5,2,1,3
183,1,4,4,3,2831,1,3,3,1
184,1,4,2,9,1449,1,4,3,2
185,1,4,2,9,5742,2,4,3,2
186,1,4,2,0,2390,5,5,3,1
187,1,4,2,3,3430,3,5,3,1
188,1,2,2,6,2273,1,4,3,2
189,1,3,2,0,2923,2,3,1,1
190,1,4,2,3,1901,2,3,3,1
191,1,2,2,6,3711,5,3,3,1
192,1,2,2,0,8487,5,4,3,1
193,1,4,2,0,2255,5,2,3,1
194,1,4,2,3,1262,1,3,3,1
195,1,4,4,1,7253,1,4,3,2
196,1,4,4,0,6761,1,4,3,2
197,1,4,4,2,1817,1,3,3,2
198,1,4,2,3,2141,2,4,3,1
199,1,4,1,9,3609,1,3,2,1
200,1,4,2,3,2333,3,5,1,1
201,1,4,1,1,7824,5,2,1,2
202,1,3,1,3,1445,5,4,1,1
203,1,1,2,2,7721,5,2,3,1
204,1,1,2,0,3763,5,4,3,1
205,1,2,2,9,4439,1,5,1,1
206,1,1,2,3,1107,1,3,3,1
207,1,2,2,3,1444,5,2,3,1
208,1,2,1,0,12169,5,1,3,1
209,1,4,2,3,2753,2,5,3,1
210,1,3,2,0,1494,5,2,3,1
211,1,1,1,2,2828,3,3,2,1
212,1,1,1,2,2483,3,3,2,1
213,1,3,4,0,1299,1,3,3,3
214,1,2,2,0,1549,5,2,3,1
215,1,3,2,0,3949,1,2,3,1
216,1,4,2,1,2901,5,2,3,1
217,1,3,2,0,709,4,2,3,1
218,1,1,2,0,10722,1,2,3,1
219,1,4,2,0,1287,5,5,3,1
220,1,1,1,3,1940,1,2,1,1
221,1,3,4,3,3656,5,5,2,2
222,1,4,3,1,4679,1,4,3,2
223,1,4,3,1,8613,4,3,3,2
224,1,1,2,2,2659,4,3,3,1
225,1,4,4,3,1516,4,3,3,2
226,1,1,2,0,4380,2,3,3,1
227,1,4,3,0,802,1,3,3,2
228,1,4,2,9,1572,4,5,1,1
229,1,2,1,9,3566,2,4,3,1
230,1,4,2,3,1278,1,5,3,1
231,1,4,0,3,426,1,5,3,1
232,1,4,2,1,8588,2,5,3,1
233,1,1,2,1,3857,1,3,3,1
234,0,2,2,0,685,1,4,1,1
235,1,1,2,3,1603,1,5,3,1
236,1,4,2,2,2241,1,5,3,2
237,1,1,2,3,2384,1,5,1,1
238,1,4,2,2,601,1,2,3,1
239,1,4,2,1,2569,3,3,3,1
240,1,4,4,3,1316,3,3,3,2
241,1,4,2,0,10366,1,5,3,1
242,1,4,2,9,1568,2,3,3,1
243,1,4,4,3,629,3,5,1,2
244,1,4,1,3,1750,3,5,1,1
245,1,4,2,1,3488,2,4,3,1
246,1,4,4,3,1800,1,3,3,2
247,1,4,3,2,4151,2,3,3,2
248,1,2,2,5,2631,2,3,3,1
249,1,4,2,1,5248,5,3,3,1
250,1,2,3,0,2899,5,5,3,1
251,1,2,3,5,6204,1,3,3,1
252,1,4,2,3,804,1,5,3,1
253,1,4,2,3,3595,1,5,3,1
254,1,4,4,1,5711,4,5,3,2
255,1,3,2,9,2687,1,4,3,1
256,1,1,3,2,3643,1,5,3,2
257,1,4,4,2,2146,1,2,3,2
258,1,1,2,3,2315,1,5,3,1
259,1,4,2,9,3448,1,4,3,1
260,1,4,2,2,2708,1,2,1,2
261,1,4,4,0,1393,1,2,3,2
262,1,3,2,2,1275,1,2,3,1
263,1,4,2,2,1313,1,5,3,1
264,1,4,2,3,1493,1,2,3,1
265,1,4,2,3,2675,3,5,3,1
266,1,2,2,3,2118,1,3,3,1
267,1,4,2,0,909,3,5,3,1
268,1,4,4,2,1258,1,2,3,2
269,1,4,1,3,1569,2,5,1,1
270,1,4,2,1,1236,3,3,3,1
271,1,4,3,2,7678,3,4,3,2
272,1,4,2,5,660,3,4,3,1
273,1,4,2,2,2835,3,5,3,1
274,1,4,2,1,2670,1,5,3,1
275,1,4,1,8,3447,3,3,3,1
276,1,4,2,3,3568,1,5,1,1
277,1,2,4,9,3652,1,4,3,2
278,1,1,2,3,3660,1,3,3,1
279,1,3,2,3,1126,2,5,3,1
280,1,3,3,3,683,1,2,1,1
281,1,3,2,2,2251,1,3,3,1
282,1,4,2,1,4675,5,2,3,1
283,1,2,3,0,2353,1,3,3,2
284,1,1,2,3,3357,4,2,1,1
285,1,4,2,0,672,1,1,3,1
286,1,1,4,3,338,3,5,3,2
287,1,4,2,3,2697,1,3,3,1
288,1,4,2,0,2507,3,5,3,1
289,1,4,3,3,1478,1,3,1,2
290,1,4,4,6,3565,5,2,3,2
291,1,4,2,2,2221,3,3,3,1
292,1,4,4,3,1898,5,3,3,2
293,1,2,3,9,1449,2,5,1,2
294,1,4,3,2,960,4,4,3,2
295,1,4,2,1,8133,1,3,1,1
296,1,4,2,2,2301,2,2,3,1
297,1,4,3,9,1743,2,3,3,2
298,1,2,2,2,983,4,2,3,1
299,1,4,3,3,2320,1,1,3,2
300,1,1,1,8,339,1,5,1,1
301,1,3,2,3,5152,1,4,1,1
302,1,3,2,2,3749,1,2,3,1
303,1,4,4,3,3074,5,3,3,2
304,0,3,2,3,745,1,3,3,1
305,1,4,2,0,1469,2,5,3,1
306,1,1,2,2,1374,1,3,1,1
307,1,4,1,0,783,5,3,2,1
308,1,1,2,3,2606,1,2,3,1
309,1,4,0,1,9436,5,3,3,1
310,1,4,4,3,930,5,5,3,4
311,1,4,4,1,2751,5,5,3,2
312,1,4,4,0,250,4,3,1,2
313,1,2,2,0,1201,1,2,3,1
314,1,1,2,0,662,1,2,3,1
315,1,4,2,1,1300,5,5,1,1
316,1,4,1,9,1559,1,4,1,1
317,1,3,2,3,3016,1,3,3,1
318,1,4,4,3,1360,1,3,3,2
319,1,4,0,0,1204,2,3,1,1
320,1,4,2,0,1597,3,3,3,1
321,1,4,2,3,2073,2,3,3,1
322,1,4,2,9,2142,4,5,3,1
323,1,1,4,2,2132,5,2,3,2
324,1,4,2,0,1546,1,3,3,1
325,1,4,4,0,1287,4,5,3,2
326,1,4,2,0,1418,2,3,3,1
327,1,3,4,0,1343,1,5,3,2
328,1,4,2,0,2662,5,4,3,1
329,1,4,4,3,6070,1,5,3,2
330,1,4,4,6,1927,5,3,3,2
331,1,4,4,3,2404,1,3,3,2
332,1,4,4,3,1554,1,4,3,2
333,1,4,2,0,1283,5,4,3,1
334,1,4,3,0,717,5,5,3,2
335,1,1,2,2,1747,1,2,3,1
336,1,1,4,5,1288,2,5,3,2
337,1,1,4,0,1038,1,4,3,2
338,1,4,2,1,2848,2,3,3,1
339,1,4,2,1,1413,4,4,3,1
340,1,4,4,3,3077,5,5,3,2
341,1,1,1,1,3632,1,3,1,1
342,1,4,4,1,3229,5,1,3,1
343,1,4,2,0,3577,2,3,3,1
344,1,4,4,0,682,2,4,3,2
345,1,4,2,3,1924,1,3,3,1
346,1,4,2,6,727,3,5,3,1
347,1,3,4,0,781,1,5,3,2
348,1,1,4,0,2121,1,3,3,2
349,1,4,4,6,701,1,3,3,2
350,1,4,4,2,2069,5,3,3,2
351,1,4,2,0,1525,4,4,3,1
352,1,4,4,9,7629,5,5,1,2
353,0,1,4,0,3499,1,3,3,2
354,1,4,2,3,1346,2,5,1,1
355,1,4,4,1,10477,5,5,3,2
356,1,1,2,1,2924,1,3,1,1
357,1,4,4,0,1231,1,5,3,2
358,1,3,2,0,1961,1,5,3,1
359,1,4,4,0,5045,5,5,3,1
360,1,4,4,0,1255,1,5,3,2
361,1,1,2,2,1858,1,2,3,1
362,1,4,4,2,1221,5,3,3,2
363,1,4,2,2,1388,1,3,3,1
364,1,4,2,3,2279,5,3,3,1
365,1,4,0,2,2759,1,5,3,2
366,1,3,2,3,1258,3,3,3,1
367,1,2,0,8,1410,1,3,3,1
368,1,1,2,0,1403,1,3,3,1
369,1,1,2,2,3021,1,3,3,1
370,1,1,2,9,6568,1,3,2,1
371,1,4,4,3,2578,4,5,3,1
372,1,2,4,1,7758,4,5,3,1
373,1,1,2,4,343,1,2,3,1
374,1,4,3,2,1591,2,4,3,2
375,1,1,2,3,3416,1,3,3,1
376,0,1,0,5,1108,1,4,3,2
377,1,2,3,1,5965,1,5,3,2
378,1,2,2,5,1514,2,3,3,1
379,1,4,4,3,6742,5,4,3,2
380,1,1,2,2,3650,1,2,3,1
381,1,1,2,2,3599,1,4,3,1
382,1,4,4,0,13756,5,5,1,1
383,1,2,2,0,276,1,3,3,1
384,1,4,4,2,4041,3,3,3,2
385,1,2,2,3,458,1,3,3,1
386,0,2,2,2,918,1,3,3,1
387,1,4,2,0,7393,1,3,3,1
388,1,3,2,4,1225,1,3,3,1
389,1,1,2,1,2812,5,5,3,1
390,1,4,2,1,3029,1,4,3,1
391,1,3,4,0,1480,3,1,1,3
392,1,3,4,6,1047,1,3,3,1
393,1,4,4,3,1471,1,3,3,2
394,1,4,2,2,5511,2,3,2,1
395,1,2,2,3,1206,1,5,3,1
396,1,2,3,3,6403,1,2,3,1
397,1,4,2,3,707,1,3,1,2
398,1,4,3,1,1503,1,3,3,1
399,1,2,2,0,6078,1,4,3,1
400,1,2,2,9,2528,1,2,3,1
401,1,2,2,9,1037,2,4,3,1
402,1,1,2,1,1352,3,1,3,1
403,1,4,2,3,3181,1,2,3,1
404,1,4,2,3,4594,1,2,3,1
405,1,2,2,10,5381,5,1,1,1
406,1,4,2,1,4657,1,3,3,1
407,1,2,2,9,1391,1,3,1,1
408,1,2,2,9,1913,4,2,1,1
409,1,4,2,3,7166,5,4,3,1
410,1,4,2,3,1409,2,1,3,1
411,1,4,3,9,2978,5,3,3,2
412,1,4,4,3,976,5,5,3,2
413,1,4,3,9,2375,3,3,3,2
414,1,4,4,3,522,3,5,3,2
415,1,4,4,3,2743,1,5,3,2
416,1,4,4,3,1154,2,1,3,3
417,1,4,4,1,5804,4,3,3,2
418,1,4,4,3,1169,5,3,3,2
419,1,1,4,2,1478,1,5,3,2
420,1,4,2,3,776,1,3,3,1
421,1,2,4,0,1322,4,3,3,2
422,1,2,4,0,1175,1,1,3,3
423,1,4,2,0,2133,5,5,3,1
424,1,4,4,3,1829,1,5,3,2
425,1,4,4,3,717,1,5,3,3
426,1,2,3,6,11760,2,4,3,1
427,0,2,4,6,1501,1,5,3,2
428,1,1,2,6,1200,5,3,1,1
429,1,2,2,0,3195,5,3,3,1
430,1,4,4,3,4530,1,4,3,1
431,0,4,3,5,1555,4,5,3,2
432,1,2,4,9,2326,3,3,1,1
433,1,2,4,9,1887,5,3,1,2
434,1,4,4,9,1264,5,5,3,1
435,1,4,3,3,846,5,5,3,1
436,1,4,4,6,1532,2,3,3,1
437,1,4,3,3,935,1,3,3,1
438,1,1,4,9,2442,1,5,2,4
439,1,2,4,9,3590,1,1,3,3
440,1,4,4,2,2288,1,2,3,1
441,1,4,3,9,5117,1,4,3,2
442,1,1,4,2,14179,5,4,3,2
443,1,4,2,3,1386,5,3,3,1
444,1,4,4,3,618,1,5,3,1
445,1,4,2,2,1574,1,3,3,1
446,1,4,4,3,700,5,5,3,2
447,1,4,2,3,886,5,3,3,1
448,1,4,2,1,4686,1,3,3,1
449,1,2,2,3,790,3,3,3,1
450,0,2,2,3,766,3,3,3,1
451,1,1,2,2,2212,5,4,3,1
452,1,2,2,0,7308,1,1,1,1
453,1,2,4,6,5743,1,2,3,2
454,1,1,2,0,3973,1,1,3,1
455,1,2,3,3,7418,5,3,3,1
456,1,2,3,10,2629,1,3,1,2
457,1,2,2,9,1941,4,3,3,1
458,1,2,3,2,2333,5,2,1,1
459,1,4,2,1,2445,5,2,3,1
460,1,2,2,1,6468,5,1,3,1
461,1,2,4,2,7374,1,1,2,2
462,1,4,2,1,3812,2,2,3,1
463,0,1,2,0,4006,1,3,3,1
464,1,2,2,0,7472,5,1,3,1
465,1,3,2,2,1424,5,5,3,1
466,1,2,2,1,2028,5,3,3,1
467,1,4,2,0,5324,3,5,3,1
468,1,2,2,3,2323,1,4,3,1
469,1,4,2,6,1393,1,5,1,3
470,1,4,2,2,1984,1,3,1,2
471,1,4,2,3,999,5,5,3,2
472,1,4,2,9,7409,5,5,3,2
473,1,4,2,2,2186,5,4,1,1
474,1,3,2,3,4473,1,5,3,1
475,1,4,2,8,937,1,2,3,2
476,1,4,2,2,3422,1,5,1,3
477,1,4,2,3,3105,5,2,3,2
478,1,4,4,6,2748,1,5,1,3
479,1,2,2,5,3872,1,1,3,1
480,1,4,2,5,5190,5,5,3,4
481,1,2,2,2,3001,1,4,3,1
482,1,4,3,9,3863,1,3,3,1
483,1,4,4,2,5801,5,5,3,1
484,1,4,4,2,1592,4,4,3,1
485,1,4,4,9,1185,1,3,3,2
486,1,4,4,2,3780,1,2,3,2
487,1,2,4,2,3612,1,5,3,1
488,1,4,2,9,1076,1,3,3,1
489,1,4,2,0,3527,5,2,3,1
490,1,4,2,3,2051,1,2,3,1
491,1,4,4,2,3331,1,5,2,1
492,1,1,0,9,3104,1,4,1,1
493,1,4,4,3,2611,1,5,3,2
494,1,1,4,1,1409,1,5,3,1
495,1,4,2,3,1311,2,4,3,1
496,1,4,2,3,2108,1,4,3,1
497,1,4,4,1,4042,5,4,3,2
498,1,4,4,0,926,1,1,3,1
499,1,1,2,3,1680,3,5,3,1
500,1,4,2,0,1249,1,2,3,1
501,1,4,4,0,2463,2,4,3,2
502,1,4,2,3,1595,1,4,3,1
503,1,4,4,5,2058,1,3,3,2
504,1,4,2,1,7814,1,4,3,1
505,1,4,4,3,1740,1,5,3,2
506,1,4,4,3,1240,5,5,3,2
507,1,4,4,1,6842,5,3,3,2
508,1,4,4,2,5150,1,5,3,1
509,1,1,2,0,1203,2,5,3,1
510,1,4,4,0,2080,3,3,3,1
511,1,4,2,6,1538,1,2,3,1
512,1,2,4,0,3878,2,2,3,1
513,1,2,2,2,3832,1,2,3,1
514,1,4,2,0,3186,4,4,3,1
515,1,2,2,3,2896,2,2,3,1
516,1,2,3,9,6967,2,4,3,1
517,0,4,2,6,1819,1,3,2,1
518,0,4,2,3,5943,5,2,3,2
519,0,4,4,2,7127,1,2,3,2
520,0,4,2,2,3349,1,3,3,1
521,0,4,2,2,10974,1,1,3,2
522,1,4,2,3,518,1,3,3,1
523,1,4,2,3,1126,5,2,3,1
524,1,2,4,1,1860,1,1,3,2
525,1,4,4,3,9566,1,3,2,2
526,1,1,2,3,701,1,3,3,1
527,1,2,2,3,2930,1,4,3,1
528,1,4,2,3,1505,1,3,3,1
529,1,4,4,3,2238,1,3,3,2
530,1,4,4,3,1503,1,4,3,2
531,1,4,4,1,2197,5,4,3,2
532,1,3,2,3,1881,1,3,3,1
533,1,1,4,3,1880,1,4,3,2
534,1,1,2,3,2389,1,2,2,1
535,1,2,2,3,1967,1,5,3,1
536,1,4,4,0,3380,1,4,3,1
537,1,4,4,0,1455,1,4,3,3
538,1,4,4,3,730,5,5,3,2
539,1,2,0,2,3244,1,3,1,2
540,0,2,2,3,1670,1,2,3,1
541,1,2,2,3,3979,5,4,3,2
542,0,2,2,2,1922,1,3,3,1
543,1,2,4,2,1295,1,2,3,2
544,1,4,4,3,1544,1,4,3,3
545,1,2,2,9,907,1,2,3,1
546,1,2,2,3,1715,5,3,3,1
547,1,3,4,3,1347,5,4,3,2
548,1,2,2,0,1007,4,3,3,1
549,1,4,4,2,1402,3,4,3,1
550,1,2,2,0,2002,1,4,3,1
551,1,4,4,6,2096,1,4,3,1
552,1,4,2,0,1101,1,3,3,2
553,1,4,2,8,894,5,4,3,1
554,1,2,2,2,1577,4,2,3,1
555,1,4,3,9,2764,1,3,3,2
556,1,2,0,0,8358,3,2,3,2
557,1,3,2,2,1474,1,2,1,1
558,1,4,2,1,5433,5,1,3,1
559,1,2,2,9,1410,3,5,3,1
560,1,4,4,0,3485,5,2,3,2
561,1,4,4,1,3850,1,4,3,2
562,0,2,2,0,7408,2,2,3,1
563,1,3,2,3,1377,2,5,3,1
564,1,4,3,9,4272,2,3,3,2
565,1,2,3,3,1553,2,4,3,2
566,1,2,3,9,9857,2,4,3,2
567,1,4,4,0,362,2,3,3,2
568,1,4,4,2,1935,1,5,3,3
569,1,4,2,3,10222,5,4,2,1
570,1,3,2,0,1330,1,2,3,1
571,1,4,2,6,9055,5,3,3,1
572,1,2,2,1,7966,1,2,3,2
573,1,2,1,2,3496,4,3,2,1
574,1,2,2,1,6948,1,3,3,1
575,1,2,0,9,12204,5,3,1,1
576,0,1,2,2,3446,1,5,3,1
577,0,1,2,6,684,1,3,3,1
578,0,1,4,2,4281,3,3,3,2
579,0,1,2,3,7174,5,4,3,1
580,0,1,1,3,1546,1,4,1,1
581,0,1,2,2,2359,2,1,3,1
582,0,4,2,3,3621,2,5,3,2
583,0,1,2,4,741,2,1,3,1
584,0,1,2,2,7865,1,5,3,1
585,1,1,2,1,2910,1,4,3,1
586,1,1,4,0,5302,1,5,3,3
587,1,1,2,2,3620,1,3,3,1
588,1,1,2,3,3509,1,4,3,1
589,1,2,2,2,3017,1,2,3,1
590,1,1,2,2,1657,1,3,3,1
591,1,1,4,10,1164,1,5,1,2
592,0,1,4,2,6229,1,2,3,2
593,0,1,1,0,1193,1,1,3,2
594,1,1,0,2,4583,1,3,3,2
595,1,1,4,2,5371,1,3,3,2
596,1,1,2,2,708,1,3,3,1
597,1,1,4,0,571,1,5,3,2
598,1,1,2,3,2522,1,5,3,1
599,0,1,2,2,5179,1,4,3,1
600,0,1,2,1,8229,1,3,3,1
601,1,4,4,2,2028,1,4,3,2
602,1,1,2,0,1374,5,1,3,1
603,1,1,2,2,1289,1,3,3,1
604,0,1,2,2,2712,1,5,1,1
605,1,1,4,2,975,1,3,3,2
606,1,2,3,2,1050,1,1,2,2
607,1,1,4,0,609,1,4,3,2
608,1,1,2,1,4788,1,4,3,1
609,1,2,2,2,3069,2,5,3,1
610,0,2,2,0,836,2,2,1,1
611,1,1,2,2,2577,1,3,3,1
612,1,1,2,2,1620,1,3,3,1
613,1,1,2,2,1845,1,2,3,1
614,1,1,2,1,6579,1,1,3,1
615,1,1,2,0,1893,1,3,3,1
616,1,1,4,1,10623,1,5,3,3
617,1,1,2,0,2249,2,4,3,1
618,0,1,2,2,3108,1,2,3,1
619,1,2,4,0,958,1,4,3,2
620,1,4,2,1,9277,5,3,3,1
621,1,4,4,10,6314,1,1,1,2
622,1,1,4,1,1526,1,5,3,2
623,1,1,2,2,3590,1,3,3,1
624,1,1,4,1,6615,1,1,3,2
625,1,1,4,2,1872,1,1,3,3
626,1,4,2,0,2859,5,1,3,1
627,1,4,4,3,1582,4,5,3,2
628,1,4,2,8,1238,5,1,3,1
629,1,1,2,2,2578,1,1,3,1
630,1,1,4,2,1433,1,3,3,2
631,1,1,2,2,7882,1,4,3,1
632,1,1,2,2,4169,1,3,3,1
633,1,1,2,2,3959,1,1,3,1
634,1,1,2,0,3249,1,4,1,1
635,1,1,2,2,3149,1,2,1,1
636,0,1,4,2,2246,1,5,3,2
637,1,1,4,9,1797,1,2,1,2
638,1,1,4,2,4272,1,5,3,2
639,1,1,4,1,2957,1,5,3,2
640,1,1,4,2,2348,1,3,3,2
641,1,3,0,9,6289,1,2,3,2
642,1,1,4,1,6419,1,5,3,2
643,0,1,4,1,6143,1,5,2,2
644,1,4,4,6,1597,1,5,3,2
645,1,1,2,10,15857,1,1,3,1
646,1,4,4,3,2223,2,5,1,2
647,1,4,3,3,7238,5,5,1,2
648,1,2,3,9,2503,2,5,2,2
649,1,2,2,9,2622,2,3,3,1
650,1,2,2,2,4351,5,3,3,1
651,1,2,2,3,368,5,5,3,1
652,1,2,2,8,754,5,5,3,2
653,1,4,4,3,2424,5,5,3,2
654,1,2,3,9,6681,5,3,3,1
655,1,2,3,9,2427,5,5,3,2
656,0,2,4,3,1216,2,2,1,2
657,1,2,2,3,753,1,3,3,1
658,1,2,2,3,2576,1,3,3,1
659,1,2,2,3,590,1,2,3,1
660,1,2,2,3,1414,1,3,3,1
661,1,2,2,3,1103,1,4,3,2
662,1,2,3,3,585,1,3,3,2
663,1,2,2,3,1068,1,5,3,1
664,1,1,4,0,713,1,5,3,2
665,1,2,2,3,1092,1,3,3,2
666,1,2,2,3,2329,1,2,3,1
667,1,2,4,3,882,1,2,3,2
668,1,2,2,3,866,1,3,3,1
669,1,2,2,3,2415,1,3,3,1
670,1,2,2,3,2101,1,2,3,1
671,1,2,2,3,1301,1,5,3,1
672,1,2,2,3,1113,1,3,3,1
673,1,2,2,3,760,1,4,3,1
674,1,2,2,3,625,1,2,1,1
675,1,3,4,0,1323,2,5,3,2
676,1,1,4,3,1138,1,3,3,2
677,1,2,4,3,1795,1,5,1,2
678,1,2,4,3,2728,5,4,1,3
679,1,2,2,3,484,1,4,1,1
680,1,2,1,3,1048,1,3,2,1
681,1,2,2,3,1155,1,5,1,2
682,1,2,3,1,7057,5,4,1,2
683,1,2,4,3,1537,5,5,3,2
684,1,1,2,3,2214,1,3,3,1
685,1,4,4,2,1585,1,4,3,2
686,1,2,2,2,1521,1,3,3,1
687,1,2,1,4,3990,5,2,1,1
688,1,3,2,2,3049,1,2,2,1
689,0,1,2,3,1282,2,3,3,1
690,1,4,2,3,10144,2,4,3,1
691,1,1,2,0,1168,1,3,3,1
692,1,2,2,5,454,1,2,3,1
693,1,4,3,1,3594,1,2,3,2
694,1,4,2,2,1768,1,3,3,1
695,1,4,3,3,15653,1,4,3,2
696,1,3,3,0,2247,1,3,2,2
697,1,4,2,3,1413,1,3,3,1
698,1,2,4,1,4576,2,1,3,1
699,1,1,4,3,1231,4,5,3,2
700,0,1,2,1,8335,5,5,3,1
701,1,2,4,1,5800,1,3,3,2
702,1,1,3,6,8471,5,3,3,2
703,1,1,2,2,3622,4,5,3,2
704,1,1,4,3,1169,5,5,3,2
705,1,4,2,4,1262,3,4,3,2
706,1,3,4,2,3617,5,5,3,2
707,1,2,4,0,2181,5,5,3,2
708,0,1,1,9,7685,1,4,3,1
709,1,4,4,6,6110,1,3,1,1
710,1,4,2,0,3757,1,5,3,1
711,1,1,4,5,3394,1,1,3,2
712,1,4,4,9,6304,5,5,3,2
713,1,4,4,6,1244,5,5,3,2
714,1,4,2,0,3518,1,3,3,1
715,1,4,0,5,2613,1,3,3,2
716,1,1,2,6,7476,1,4,3,1
717,0,4,2,9,4591,4,3,3,3
718,0,2,2,2,1924,5,2,3,1
719,0,2,2,3,5595,2,3,3,1
720,0,2,3,6,6224,1,5,3,1
721,1,3,2,6,1905,1,5,3,1
722,1,4,3,1,2993,1,3,2,2
723,1,4,3,1,8947,5,4,2,1
724,1,1,2,2,4020,1,3,2,1
725,1,2,2,1,2779,1,3,3,1
726,1,4,2,0,2782,3,4,1,1
727,1,4,2,0,1884,1,5,3,1
728,1,4,4,1,11054,5,3,3,1
729,1,2,3,3,9157,5,3,3,1
730,1,2,1,1,9283,1,1,1,1
731,1,4,2,0,6527,5,3,3,1
732,1,4,4,1,3368,4,5,3,2
733,1,1,2,0,2511,1,1,3,1
734,1,1,2,1,5493,1,5,3,1
735,1,4,2,4,1338,3,3,3,1
736,1,2,2,3,1082,1,5,3,2
737,1,4,4,3,1149,4,3,3,2
738,1,2,2,5,1308,1,5,3,2
739,1,2,0,1,6148,2,5,1,2
740,1,4,2,2,1736,1,4,3,1
741,1,4,2,3,3059,4,4,3,1
742,0,1,2,2,2996,5,3,3,1
743,1,4,4,1,7596,5,5,3,2
744,1,4,2,1,4811,5,4,2,1
745,1,4,2,2,1766,1,3,3,1
746,1,2,2,1,2760,5,5,1,1
747,1,4,4,5,5507,1,5,3,2
748,1,2,2,6,1199,1,4,3,2
749,1,3,2,2,2892,1,5,3,1
750,1,2,3,0,2862,2,5,3,1
751,0,1,2,0,654,1,3,3,1
752,0,2,4,6,1136,4,5,3,2
753,0,2,2,1,4113,3,2,3,1
754,0,2,2,0,14555,5,1,3,1
755,0,1,0,0,950,1,5,3,2
756,0,1,4,0,1199,1,5,3,2
757,0,1,0,0,1082,1,3,1,2
758,0,2,2,0,2150,1,3,1,1
759,0,2,4,0,2820,1,2,3,2
760,0,2,2,3,3060,1,4,3,2
761,0,1,2,3,2600,1,3,3,2
762,0,4,0,0,5003,5,3,1,2
763,0,2,2,6,6288,1,3,3,1
764,0,4,3,0,2538,1,5,3,2
765,0,4,2,3,1478,1,4,3,1
766,0,2,4,3,4933,1,4,3,2
767,0,4,4,0,1530,1,3,1,2
768,0,2,1,0,1437,2,4,3,1
769,0,1,2,4,1275,5,3,3,1
770,0,1,2,3,1823,1,1,2,1
771,0,1,2,0,1422,1,2,3,1
772,0,1,2,4,1217,1,3,3,1
773,0,1,2,0,9271,1,4,3,1
774,0,1,3,9,2145,1,4,3,2
775,0,1,2,0,1842,1,2,3,1
776,0,2,3,2,4297,1,5,3,1
777,0,1,4,2,3384,1,3,3,1
778,0,2,4,3,1245,1,3,3,1
779,0,4,2,6,4623,2,3,3,1
780,0,2,4,2,8386,1,4,3,1
781,0,1,3,3,1024,1,2,2,1
782,0,2,2,0,14318,1,5,3,1
783,0,2,1,6,433,4,2,1,1
784,0,1,1,3,2149,1,3,3,1
785,0,4,2,3,2397,3,5,1,2
786,0,2,1,0,931,2,2,2,1
787,0,2,3,5,1512,4,3,2,2
788,0,2,0,9,4241,1,3,3,3
789,0,2,4,2,4736,1,2,1,1
790,0,2,0,0,1778,1,2,3,2
791,0,3,2,3,2327,1,2,3,1
792,0,1,1,2,6872,1,2,1,1
793,0,1,2,6,795,1,2,3,1
794,0,3,3,9,1908,1,5,3,1
795,0,2,0,9,1953,1,5,3,1
796,0,3,2,2,2864,1,3,3,1
797,0,3,4,6,2319,1,2,3,1
798,0,1,2,0,915,5,5,1,1
799,0,3,2,0,947,1,4,1,1
800,0,1,2,0,1381,5,3,3,1
801,0,1,2,0,1285,5,4,3,1
802,0,1,2,0,1371,5,3,3,1
803,0,2,2,0,1042,5,3,3,1
804,0,1,2,0,900,5,3,3,1
805,0,1,2,0,1207,1,2,3,1
806,0,2,0,0,2278,2,2,3,2
807,0,1,3,9,6836,1,5,3,2
808,0,1,2,2,3345,1,5,3,1
809,0,1,1,6,1198,1,5,3,1
810,0,2,2,9,15672,1,3,3,1
811,0,1,2,9,7297,1,5,3,1
812,0,4,2,5,1943,1,2,3,1
813,0,1,2,3,3190,1,3,3,1
814,0,2,1,1,5129,1,5,1,1
815,0,4,3,2,1808,1,4,3,1
816,0,3,2,0,1240,2,5,3,1
817,0,1,2,0,759,1,4,3,1
818,0,2,2,2,1237,1,3,3,1
819,0,4,2,2,1980,1,2,3,2
820,0,2,2,3,10961,4,4,1,2
821,0,1,3,6,6887,1,3,2,1
822,0,1,2,3,1938,1,2,3,1
823,0,1,2,3,1835,1,3,3,2
824,0,1,3,3,1659,1,2,3,1
825,0,2,3,0,1209,1,1,3,1
826,0,2,0,9,3844,2,4,3,1
827,0,1,4,0,4843,1,5,3,2
828,0,2,2,5,639,1,3,3,1
829,0,2,2,3,5951,1,3,3,1
830,0,2,0,3,3804,1,3,3,1
831,0,4,3,3,4463,1,3,3,2
832,0,4,3,9,7980,5,2,3,2
833,0,3,2,3,4210,1,3,3,1
834,0,4,2,2,4611,1,2,3,1
835,0,2,2,1,11560,1,3,3,2
836,0,4,0,9,4165,1,3,2,2
837,0,2,2,2,4057,1,4,3,1
838,0,4,1,0,6458,1,5,1,2
839,0,4,2,0,1386,3,3,3,1
840,0,1,2,6,1977,5,5,3,1
841,0,2,4,2,1928,1,2,3,2
842,0,4,2,2,1123,3,3,3,1
843,0,2,2,10,11328,1,3,1,2
844,0,2,4,10,11938,1,3,3,2
845,0,2,4,3,2520,3,3,3,2
846,0,2,3,3,1919,2,2,2,2
847,0,2,1,10,14782,2,5,1,2
848,0,2,2,3,2671,2,3,3,1
849,0,2,2,6,12612,2,3,3,1
850,0,2,2,3,3031,2,3,3,1
851,0,1,1,3,626,1,3,1,1
852,0,2,4,9,1935,1,5,3,2
853,0,3,4,0,1344,5,4,1,2
854,0,4,2,2,1533,1,2,3,1
855,0,1,2,0,3931,1,4,3,1
856,0,1,1,2,3349,3,2,3,1
857,0,1,2,3,2302,1,3,3,1
858,0,1,2,3,3965,1,2,3,1
859,0,1,2,3,727,2,2,3,1
860,0,4,2,9,3914,5,3,1,1
861,0,1,2,9,4308,1,2,3,1
862,0,2,2,3,1534,1,2,3,1
863,0,4,4,0,2775,1,4,1,2
864,0,1,4,6,5998,1,3,1,1
865,0,3,4,3,1271,5,3,3,2
866,0,2,2,0,1295,1,2,3,1
867,0,2,2,1,9398,1,2,3,1
868,0,2,2,2,951,2,2,1,4
869,0,2,2,0,1355,1,2,3,1
870,0,1,2,4,3051,1,3,3,1
871,0,4,4,0,7855,1,3,2,2
872,0,4,2,3,433,1,1,3,1
873,0,4,3,9,9572,1,2,3,2
874,0,2,1,6,1837,1,4,1,1
875,0,2,4,0,4249,1,1,3,2
876,0,2,4,0,5234,1,1,3,2
877,0,1,2,3,6758,1,3,3,1
878,0,1,2,3,1366,1,2,3,1
879,0,1,1,10,1358,5,5,2,1
880,0,1,2,2,2473,1,1,3,1
881,0,3,0,3,1337,1,2,3,2
882,0,1,2,0,7763,1,5,1,1
883,0,2,1,0,1264,2,3,3,1
884,0,2,2,0,2631,2,3,3,2
885,0,2,2,0,6560,2,4,3,1
886,0,1,2,0,3123,1,2,3,1
887,0,1,4,6,8065,1,3,3,2
888,0,1,2,3,2439,1,2,3,1
889,0,2,2,2,9034,2,2,3,1
890,0,2,2,0,14027,1,4,3,1
891,0,1,4,1,9629,1,4,3,2
892,0,2,2,3,1484,5,3,3,1
893,0,1,2,2,1131,1,1,3,1
894,0,2,3,2,2064,1,1,3,1
895,0,2,2,1,12976,1,1,3,1
896,0,4,3,9,2580,3,2,1,1
897,0,4,2,0,2570,1,3,3,1
898,0,2,2,9,3915,1,3,3,1
899,0,4,2,0,1309,5,3,3,1
900,0,1,2,0,4817,1,4,3,1
901,0,1,2,0,2579,1,2,3,1
902,0,2,3,0,2225,1,5,1,2
903,0,1,2,2,4153,1,3,3,1
904,0,1,0,2,3114,1,2,3,1
905,0,1,4,2,2124,1,3,3,2
906,0,1,1,2,1553,1,3,1,1
907,0,1,2,2,2406,1,4,3,1
908,0,1,3,0,1333,1,1,3,2
909,0,1,0,2,7119,1,3,3,2
910,0,1,3,0,4870,1,3,3,2
911,0,1,4,0,691,1,5,3,2
912,0,1,3,3,4370,1,4,1,2
913,0,1,1,2,2746,1,5,1,1
914,0,1,0,2,4110,1,5,1,2
915,0,1,2,2,2462,1,3,3,1
916,0,1,2,2,1282,1,3,3,1
917,0,2,0,2,2969,1,2,3,2
918,0,1,0,1,4605,1,5,3,2
919,0,1,4,1,6331,1,5,3,2
920,0,1,1,2,3552,1,4,1,1
921,0,1,1,0,697,1,2,1,2
922,0,1,2,0,1442,1,4,3,2
923,0,1,0,9,5293,1,1,3,2
924,0,1,3,6,3414,1,2,2,2
925,0,1,2,2,2039,1,3,3,1
926,0,1,1,9,3161,1,3,1,1
927,0,1,2,8,902,1,4,3,1
928,0,1,2,1,10297,1,4,3,3
929,0,2,0,9,14421,1,3,2,1
930,0,2,4,0,1056,1,5,3,2
931,0,1,2,0,1274,1,2,1,1
932,0,2,2,0,1223,1,5,3,2
933,0,1,2,0,1372,1,4,3,1
934,0,1,4,0,2625,1,5,3,1
935,0,1,4,0,2235,1,3,1,2
936,0,2,2,2,959,1,3,1,1
937,0,2,4,0,884,1,5,3,1
938,0,2,2,0,1246,1,2,1,1
939,0,2,3,0,8086,2,5,2,4
940,0,4,4,0,10127,3,3,3,1
941,0,2,2,0,888,1,5,1,1
942,0,4,2,6,719,1,5,1,1
943,0,2,2,0,12389,5,3,1,1
944,0,1,2,3,709,1,5,3,1
945,0,2,1,0,6850,2,1,2,1
946,0,4,2,2,2210,1,3,3,1
947,0,4,1,1,7485,5,1,1,1
948,0,1,1,0,1442,1,4,1,2
949,0,4,4,3,797,5,5,3,1
950,0,2,4,3,4746,1,2,1,2
951,0,3,4,0,939,3,4,3,3
952,0,2,2,9,1188,1,5,3,1
953,0,4,4,1,11590,2,3,3,2
954,0,3,1,9,609,1,2,1,1
955,0,1,4,5,1190,1,1,3,3
956,0,2,2,9,2767,2,5,3,2
957,0,2,2,2,3441,2,3,1,1
958,0,2,0,9,4280,2,3,3,2
959,0,2,2,3,3092,2,2,3,1
960,0,4,2,0,6761,5,3,2,2
961,0,2,2,3,1331,1,2,3,1
962,0,2,0,9,15945,1,2,3,1
963,0,1,2,2,3234,1,2,3,1
964,0,2,2,3,802,1,5,3,1
965,0,2,2,2,9960,1,2,1,1
966,0,4,3,9,8648,1,2,1,2
967,0,1,2,3,1345,1,3,3,1
968,0,1,2,3,1845,1,3,3,1
969,0,1,1,0,1647,5,3,1,2
970,0,4,2,9,4844,1,1,3,1
971,0,2,0,9,8318,1,5,2,2
972,0,3,2,3,2100,1,3,3,1
973,0,1,0,9,11816,1,5,3,2
974,0,1,2,6,448,1,2,3,1
975,0,1,2,5,11998,1,2,1,1
976,0,2,0,10,18424,1,3,1,1
977,0,1,2,0,14896,1,5,1,1
978,0,2,2,2,2762,5,5,3,1
979,0,1,2,1,3386,1,5,3,1
980,0,2,2,3,2039,1,2,3,1
981,0,4,3,9,2169,1,3,3,1
982,0,2,4,2,5096,1,3,3,1
983,0,1,2,3,1882,1,3,1,2
984,0,1,2,3,6999,1,4,3,2
985,0,4,4,9,2292,1,1,2,2
986,0,1,2,0,8978,1,5,3,1
987,0,1,2,3,674,2,4,3,1
988,0,1,2,0,976,1,2,3,1
989,0,2,2,0,2718,1,3,3,1
990,0,1,2,6,750,1,1,3,1
991,0,2,2,1,12579,1,5,3,1
992,0,1,2,1,7511,5,5,3,1
993,0,1,4,0,3966,1,5,1,3
994,0,1,0,3,6199,1,3,3,2
995,0,1,2,3,1987,1,3,3,1
996,0,1,2,0,2303,1,5,3,1
997,0,4,4,0,12680,5,5,3,1
998,0,2,2,3,6468,5,1,3,1
999,0,1,2,2,6350,5,5,3,1
